lote_id,area_ha,categoria,confianza,nota,ndvi_mean,ndvi_min,ndvi_max,ndvi_range,ndvi_actual,n_drops,months_since_drop,recovery_post_drop,n_low,n_high,n_valid,_insuficiente,ndvi_std,ndvi_p10,ndvi_p90,n_rises,n_mid,last3_mean,first3_mean
1,73.80703817012669,CAÑA_ACTIVA,MEDIUM,Declive estacional NDVI 0.77→0.51 — posible caña madurando,0.5849528329569765,0.3157773892879176,0.7868671796838038,0.4710897903958862,0.5697478422956967,0,,0.0,0,4,14,False,0.14125380457856804,0.39710881740885323,0.7679342985506986,0,10,0.5099009012083356,0.7704609178157683
2B1,13.194245136260175,CAÑA_ACTIVA,LOW,"NDVI alto sin cosecha visible — caña en crecimiento (sin drop confirmado, baja confianza)",0.6665263691615879,0.40539831757060063,0.8316689945879107,0.42627067701731003,0.791983013445015,0,,0.0,0,5,14,False,0.12588449775575344,0.48450703107577026,0.808922145967808,0,9,0.737429154307672,0.8158967891999361
2B2,12.887668980366076,CAÑA_ACTIVA,LOW,"NDVI alto sin cosecha visible — caña en crecimiento (sin drop confirmado, baja confianza)",0.6707972400667781,0.3715886645891381,0.8468799656675282,0.4752913010783901,0.7950305753176081,0,,0.0,0,5,14,False,0.13665474222217736,0.471685570981128,0.8173253615045876,0,9,0.7343182841108592,0.8269451435068075
2B3,12.564767323404784,CAÑA_ACTIVA,LOW,"NDVI alto sin cosecha visible — caña en crecimiento (sin drop confirmado, baja confianza)",0.668453705826873,0.3684672006604568,0.8461659322869444,0.47769873162648757,0.796893048217232,0,,0.0,0,5,14,False,0.1393857233705434,0.4639746999661168,0.8199743434595935,0,9,0.7340361242490756,0.8270077859148812
2B5,13.125352896852043,CAÑA_ACTIVA,LOW,"NDVI alto sin cosecha visible — caña en crecimiento (sin drop confirmado, baja confianza)",0.6714784684916861,0.3599920026783803,0.8425907792581416,0.48259877657976136,0.7858282542396118,0,,0.0,0,6,14,False,0.13104851935688028,0.4864838535431918,0.7981954174865994,0,8,0.7270335055999887,0.8105034056407671
2B6,29.23031030395673,CAÑA_ACTIVA,LOW,"NDVI alto sin cosecha visible — caña en crecimiento (sin drop confirmado, baja confianza)",0.6215378331925605,0.28892036386815473,0.7986097004218732,0.5096893365537185,0.7431204514555314,0,,0.0,1,5,14,False,0.13605250002461705,0.45053744926125916,0.7504689705018106,0,8,0.6720948101225005,0.765759054908679
4A1,53.80884521968252,CAÑA_ACTIVA,MEDIUM,Declive estacional NDVI 0.69→0.53 — posible caña madurando,0.5292317882547358,0.2428858153814573,0.6967999412801411,0.45391412589868385,0.4751493526176962,0,,0.0,2,0,14,False,0.14526435393919224,0.301095230239885,0.6944932014873632,0,12,0.528728482892852,0.6945559857070503
4B2,7.89426938782099,CAÑA_ACTIVA,LOW,"NDVI alto sin cosecha visible — caña en crecimiento (sin drop confirmado, baja confianza)",0.6825715738244494,0.3160708415267044,0.8027487370458419,0.48667789551913754,0.8004640758859495,0,,0.0,0,8,13,False,0.14221927536748727,0.47391544771929883,0.7997324975891664,1,5,0.7778526104237574,0.7559849384640942
4B3,8.216583130217526,CAÑA_ACTIVA,LOW,"NDVI alto sin cosecha visible — caña en crecimiento (sin drop confirmado, baja confianza)",0.6979187080740151,0.28353247349954497,0.8219720293812808,0.5384395558817359,0.8058742592678682,0,,0.0,1,9,13,False,0.15519846281599828,0.48119965351549904,0.8150069823613283,1,3,0.7809297186496088,0.7834278964148808
4C1,19.46416737370598,CAÑA_ACTIVA,LOW,"NDVI alto sin cosecha visible — caña en crecimiento (sin drop confirmado, baja confianza)",0.5561125277613267,0.18302087731673902,0.837563885865267,0.654543008548528,0.8139398376026048,0,,0.0,2,5,13,False,0.2277112714768664,0.21824918340364072,0.8155513648666772,0,6,0.7636570911493302,0.5402206098889512
4C5,2.018186244445208,CAÑA_ACTIVA,LOW,"NDVI alto sin cosecha visible — caña en crecimiento (sin drop confirmado, baja confianza)",0.5732152818611692,0.2642947087013577,0.8656374029767878,0.6013426942754301,0.8232011686174043,0,,0.0,2,4,13,False,0.19610327133093006,0.31070397231326496,0.8163133255641876,0,7,0.756858438335013,0.5899794337814338
5A,53.91369104095235,CAÑA_ACTIVA,LOW,"NDVI alto sin cosecha visible — caña en crecimiento (sin drop confirmado, baja confianza)",0.607767147804781,0.2133371129202823,0.7864914655520626,0.5731543526317804,0.7864914655520626,0,,0.0,2,6,14,False,0.18722041065754907,0.33362603020919845,0.7810216165943413,0,6,0.7802263776787632,0.7705732043097017
5C,12.38643704996837,CAÑA_ACTIVA,LOW,"NDVI alto sin cosecha visible — caña en crecimiento (sin drop confirmado, baja confianza)",0.60821262889134,0.2534577847856138,0.7552798802055134,0.5018220954198995,0.7428984300730883,0,,0.0,1,5,13,False,0.1597813772908353,0.3597210522240985,0.7481410414365127,0,7,0.743364446450606,0.7095046013491436
6D-B,2.9690102473792312,CAÑA_ACTIVA,LOW,"NDVI alto sin cosecha visible — caña en crecimiento (sin drop confirmado, baja confianza)",0.6182266377109386,0.3144613413259918,0.7432308721616372,0.4287695308356454,0.7415281499828655,0,,0.0,0,5,12,False,0.13591505185973016,0.4277186641670529,0.7414933406596665,0,7,0.7267522827343327,0.7260344414763299
6D-C,0.9448567160267585,CAÑA_ACTIVA,LOW,"NDVI alto sin cosecha visible — caña en crecimiento (sin drop confirmado, baja confianza)",0.598237826592019,0.29833926569184815,0.8599318252246668,0.5615925595328186,0.7122373436563129,0,,0.0,1,4,13,False,0.14696225789483397,0.39612719967895,0.711326512001883,0,8,0.7537877366383295,0.6795210550058561
6SORGO,25.689587216082618,CAÑA_ACTIVA,LOW,"NDVI alto sin cosecha visible — caña en crecimiento (sin drop confirmado, baja confianza)",0.584178274411538,0.2629958817805256,0.7390130514724558,0.4760171696919302,0.6968678112391463,0,,0.0,1,2,13,False,0.13987212850413344,0.3709903826323697,0.7109212494113029,0,10,0.6820986080589558,0.7005680541772051
7G,7.490431914531343,CAÑA_ACTIVA,LOW,"NDVI alto sin cosecha visible — caña en crecimiento (sin drop confirmado, baja confianza)",0.5722793614222343,0.2526457024416386,0.7238535278466273,0.4712078254049887,0.7233137883230716,0,,0.0,1,5,14,False,0.16267470483422977,0.32019684911323715,0.7211536930277267,0,8,0.7006440892384654,0.7166323178800731
8A05,35.18328752730708,CAÑA_ACTIVA,LOW,"NDVI alto sin cosecha visible — caña en crecimiento (sin drop confirmado, baja confianza)",0.6267071944572918,0.393063775698144,0.8064094119280049,0.41334563622986087,0.7643215547059461,0,,0.0,0,6,14,False,0.13571645023733686,0.4643310938686822,0.7909455739066519,0,8,0.7580549225803175,0.7503409462040508
8A06,32.6785182009058,CAÑA_ACTIVA,LOW,"NDVI alto sin cosecha visible — caña en crecimiento (sin drop confirmado, baja confianza)",0.6468306969970065,0.3988478361608704,0.801671575869568,0.40282373970869767,0.7694029771351706,0,,0.0,0,7,14,False,0.1380663904408488,0.4850500648230291,0.7884009533072024,0,7,0.7707169215584516,0.7454096278278476
8A07,27.646625919090397,CAÑA_ACTIVA,LOW,"NDVI alto sin cosecha visible — caña en crecimiento (sin drop confirmado, baja confianza)",0.6271166750902409,0.26683895601485347,0.8175606312882526,0.5507216752733992,0.7285719566848261,0,,0.0,1,8,14,False,0.17953588777011456,0.33388948351305003,0.7893315187525505,0,5,0.7338531474582792,0.7017974970906571
8A5,26.16453989402693,CAÑA_ACTIVA,LOW,"NDVI alto sin cosecha visible — caña en crecimiento (sin drop confirmado, baja confianza)",0.6181829705664096,0.3955287072993921,0.805677337919118,0.4101486306197259,0.7521730453843174,0,,0.0,0,6,14,False,0.14613350955677967,0.4310974377020021,0.7835141935034488,0,8,0.7509601086736072,0.7267955927332629
8A6,22.062130706880264,CAÑA_ACTIVA,LOW,"NDVI alto sin cosecha visible — caña en crecimiento (sin drop confirmado, baja confianza)",0.6368884937286856,0.39394994151824003,0.8048187025756821,0.4108687610574421,0.7657445635903544,0,,0.0,0,7,14,False,0.15125317112134185,0.4351006270891669,0.7896060076866669,0,7,0.7646992399199973,0.7224183269066079
8A7,16.88056985745744,CAÑA_ACTIVA,LOW,"NDVI alto sin cosecha visible — caña en crecimiento (sin drop confirmado, baja confianza)",0.6183427168453346,0.24746206627311587,0.8133838785002305,0.5659218122271147,0.7288937425303369,0,,0.0,2,8,14,False,0.1843672058915211,0.31535170198131424,0.7879363791927487,0,4,0.7306432790110383,0.6958262119043962
9A1,22.422498960612597,CAÑA_ACTIVA,LOW,"NDVI alto sin cosecha visible — caña en crecimiento (sin drop confirmado, baja confianza)",0.6652084813451616,0.35263976345504694,0.8281337747872423,0.4754940113321953,0.7839151844279613,0,,0.0,0,8,14,False,0.16849262611208274,0.41384386451196004,0.8204843865570229,1,6,0.7927040377140478,0.8085783049900854
9B,166.53264196064714,CAÑA_ACTIVA,LOW,"NDVI alto sin cosecha visible — caña en crecimiento (sin drop confirmado, baja confianza)",0.5774122901402817,0.22187201596463485,0.7668872572643584,0.5450152412997236,0.7668872572643584,0,,0.0,2,5,14,False,0.1612929617644495,0.33637129387575576,0.7195157630150404,0,7,0.7118086374958912,0.7099693500520358
9B3,24.421355867195857,CAÑA_ACTIVA,LOW,"NDVI alto sin cosecha visible — caña en crecimiento (sin drop confirmado, baja confianza)",0.5832297927251632,0.18375412355329881,0.7744377307277645,0.5906836071744657,0.7633013179655407,0,,0.0,2,6,14,False,0.19787855692477654,0.28461931848169164,0.7712091530713978,0,6,0.6922478703025351,0.7712319627235406
A1,0.9962217402130191,CAÑA_ACTIVA,LOW,"NDVI alto sin cosecha visible — caña en crecimiento (sin drop confirmado, baja confianza)",0.793351641763599,0.5255501692396712,0.8792174696232776,0.3536673003836064,0.8676749690020961,0,,0.0,0,11,14,False,0.10261425135577375,0.6538842319315075,0.8755151401502672,0,3,0.8527374718406655,0.8664989857665635
B1,14.57505221209427,CAÑA_ACTIVA,LOW,"NDVI alto sin cosecha visible — caña en crecimiento (sin drop confirmado, baja confianza)",0.6187518232216404,0.3533784157383595,0.7727711578793515,0.419392742140992,0.7699023810449744,0,,0.0,0,6,14,False,0.14033218053469695,0.40628712835040326,0.7671642812608209,0,8,0.7404906088091887,0.6955562081142697
F9,4.717705092089108,CAÑA_ACTIVA,LOW,"NDVI alto sin cosecha visible — caña en crecimiento (sin drop confirmado, baja confianza)",0.5826300025109497,0.2553308613376177,0.8281624900695108,0.5728316287318931,0.8281624900695108,0,,0.0,3,6,14,False,0.20866517709291818,0.27912792736248876,0.8095875468747022,0,5,0.8105960070047654,0.6021336353668834
G5,19.28743045733291,CAÑA_ACTIVA,LOW,"NDVI alto sin cosecha visible — caña en crecimiento (sin drop confirmado, baja confianza)",0.6067556561698927,0.2507216049211198,0.7419696074605481,0.4912480025394283,0.6979868583020505,0,,0.0,1,5,14,False,0.1447710704295305,0.4057714274621698,0.7296250665622563,0,8,0.6933343854452373,0.7319712109685051
J1,24.530715306491754,CAÑA_ACTIVA,LOW,"NDVI alto sin cosecha visible — caña en crecimiento (sin drop confirmado, baja confianza)",0.6298472564038642,0.4904798521549427,0.8100732310070876,0.3195933788521449,0.8100732310070876,0,,0.0,0,4,14,False,0.10383944012475299,0.5144736298295215,0.7757078009681676,0,10,0.7717218676095704,0.5594497552817055
J2,21.853547286949357,CAÑA_ACTIVA,LOW,"NDVI alto sin cosecha visible — caña en crecimiento (sin drop confirmado, baja confianza)",0.645433628775821,0.5003532002855106,0.8169830734314575,0.3166298731459469,0.8169830734314575,0,,0.0,0,5,14,False,0.09419030877726263,0.5452368035786398,0.7795677933084818,0,9,0.7746964093900292,0.5913595349936891
J3,20.937028106530587,CAÑA_ACTIVA,LOW,"NDVI alto sin cosecha visible — caña en crecimiento (sin drop confirmado, baja confianza)",0.6569138730900267,0.49652736603310627,0.8251456058217711,0.32861823978866483,0.8251456058217711,0,,0.0,0,5,14,False,0.09536450713229762,0.5651901050376336,0.7970280537617607,0,9,0.7967963691303545,0.6027162130437107
J4,18.615009865097957,CAÑA_ACTIVA,LOW,"NDVI alto sin cosecha visible — caña en crecimiento (sin drop confirmado, baja confianza)",0.6603054320387687,0.49146853958374753,0.8292182874471313,0.3377497478633838,0.8292182874471313,0,,0.0,0,5,14,False,0.0965223817506926,0.56795151150427,0.7977128752526494,0,9,0.7978679416554538,0.6099673785586291
J5,17.20953193529531,CAÑA_ACTIVA,LOW,"NDVI alto sin cosecha visible — caña en crecimiento (sin drop confirmado, baja confianza)",0.6712964224464805,0.4873705866216764,0.8317744049401047,0.34440381831842826,0.8308699816475411,0,,0.0,0,5,14,False,0.09934678640357038,0.5630340125943263,0.8123744528638903,0,9,0.8106208685410058,0.6141899960913034
Meño4,91.21711081501783,CAÑA_ACTIVA,LOW,"NDVI alto sin cosecha visible — caña en crecimiento (sin drop confirmado, baja confianza)",0.6172867556447826,0.251797274142123,0.849339080492293,0.5975418063501701,0.5138887788776448,0,,0.0,1,5,14,False,0.15991767418422495,0.41694692640202036,0.780760887052993,1,8,0.6808623835879382,0.6880175598949547
TECA,2.05074664027621,CAÑA_ACTIVA,LOW,"NDVI alto sin cosecha visible — caña en crecimiento (sin drop confirmado, baja confianza)",0.5923905789736444,0.4414722884131488,0.7547124675724416,0.3132401791592928,0.7494618464303203,0,,0.0,0,3,14,False,0.10611944135745371,0.454286544421466,0.7408416391646278,0,11,0.649239543929176,0.6476370678553677
3,79.51394828962593,CAÑA_INMADURA_NUEVA,MEDIUM,NDVI creciendo: 0.21 → 0.78 — plantación nueva probable,0.5931219347972603,0.1345402203821474,0.8617260191835253,0.7271857988013779,0.774260545480862,0,,0.0,3,8,14,False,0.2503229369626717,0.23592609948375912,0.8379217930249371,0,3,0.7771953550239367,0.20513873320168663
9A3,61.74073079788119,CAÑA_INMADURA_NUEVA,MEDIUM,NDVI creciendo: 0.30 → 0.79 — plantación nueva probable,0.5188719175802193,0.14341358758214323,0.8615858741495274,0.7181722865673841,0.791709572391231,0,,0.0,4,6,14,False,0.2631342578881577,0.18055789366096417,0.8248591603340651,0,4,0.7888299165078821,0.30426415915734817
9B1,15.224526638862729,CAÑA_INMADURA_NUEVA,MEDIUM,NDVI creciendo: 0.36 → 0.80 — plantación nueva probable,0.508355882947076,0.1446690726158604,0.8598965019352726,0.7152274293194122,0.7982004368398716,0,,0.0,4,6,14,False,0.2624730034637387,0.18964946361348414,0.8274678893681467,0,4,0.7969597775267814,0.36120975219371737
A10,31.286792343860014,CAÑA_INMADURA_NUEVA,MEDIUM,NDVI creciendo: 0.26 → 0.79 — plantación nueva probable,0.5834908316908817,0.163278485500997,0.8513376081093842,0.6880591226083872,0.8268362437026558,0,,0.0,3,7,14,False,0.2534210786034766,0.19706656299719869,0.8415490892502672,0,4,0.7898706652580559,0.25880481064705624
A13,32.40074688276118,CAÑA_INMADURA_NUEVA,MEDIUM,NDVI creciendo: 0.29 → 0.75 — plantación nueva probable,0.53883655219932,0.17328252032817962,0.8568691922386578,0.6835866719104782,0.793894242118867,0,,0.0,4,6,14,False,0.25942929600167824,0.1847666024919385,0.8394265690344279,0,4,0.7537327498608167,0.2906352332118018
A15,30.693208511336778,CAÑA_INMADURA_NUEVA,MEDIUM,NDVI creciendo: 0.35 → 0.77 — plantación nueva probable,0.5628420308372022,0.16916422573767553,0.8621896413653614,0.6930254156276858,0.8237897339271487,0,,0.0,3,5,14,False,0.2536622533846622,0.18161691129323126,0.8385352387111078,0,6,0.7705133404106418,0.35365971222040476
A16,23.488789007633407,CAÑA_INMADURA_NUEVA,MEDIUM,NDVI creciendo: 0.36 → 0.78 — plantación nueva probable,0.5639405884361899,0.17263807598543662,0.8604934564709449,0.6878553804855083,0.8231054317827637,0,,0.0,3,6,14,False,0.24759398446054257,0.1833811046735634,0.8406914438145026,0,5,0.7837323918115165,0.35763063197586403
A9,31.878340729021915,CAÑA_INMADURA_NUEVA,MEDIUM,NDVI creciendo: 0.28 → 0.78 — plantación nueva probable,0.5797312922634935,0.1748432903195299,0.8590610346092132,0.6842177442896833,0.827067906633119,0,,0.0,3,7,14,False,0.24855361817469224,0.2325354324746434,0.8464040795014071,0,4,0.7830251629726556,0.28015398623038035
J2_soya,10.151614327368408,CAÑA_INMADURA_NUEVA,MEDIUM,NDVI creciendo: 0.32 → 0.78 — plantación nueva probable,0.600054308062677,0.2181459580894225,0.8877768899228918,0.6696309318334693,0.8141129189475167,0,,0.0,3,7,14,False,0.24083824126302628,0.24681464578524975,0.8489511345796266,0,4,0.7815208415579485,0.3166801405898937
J3-soya,9.41399413270715,CAÑA_INMADURA_NUEVA,MEDIUM,NDVI creciendo: 0.31 → 0.79 — plantación nueva probable,0.6020189302793529,0.2154682034114511,0.892050476637072,0.6765822732256209,0.8163563010275193,0,,0.0,3,7,14,False,0.23749361118935153,0.24996422063790819,0.8179537015612739,0,4,0.7920918609280867,0.31019821547893905
J4-soya,7.993916767183418,CAÑA_INMADURA_NUEVA,MEDIUM,NDVI creciendo: 0.31 → 0.81 — plantación nueva probable,0.6114185669529117,0.20535103662883614,0.8948269020752837,0.6894758654464476,0.8206845708324605,0,,0.0,2,8,14,False,0.23415740019504352,0.2601575159794028,0.8233930797048314,0,4,0.8074842476012285,0.31124402971343895
J5-soya,6.773762294681633,CAÑA_INMADURA_NUEVA,MEDIUM,NDVI creciendo: 0.26 → 0.83 — plantación nueva probable,0.6246014721910399,0.18865282012786186,0.8949477840876421,0.7062949639597802,0.8241286369682319,0,,0.0,2,8,14,False,0.255299100881396,0.2378233199161302,0.8511572147729318,0,4,0.8308562124312969,0.26257904592732706
J6-soya,18.309192872050403,CAÑA_INMADURA_NUEVA,MEDIUM,NDVI creciendo: 0.23 → 0.81 — plantación nueva probable,0.5917219028781363,0.1575839133374155,0.8923911333304066,0.7348072199929911,0.8061041916162985,0,,0.0,3,7,14,False,0.2683855423449157,0.19953713747511803,0.854324726336724,0,4,0.8134337525009695,0.22690558663054114
D3,16.393085436167194,CAÑA_PRE_COSECHA_RECIENTE,MEDIUM,"Cosecha hace 3m, recuperación parcial (0.35)",0.43684026885508487,0.13912689248240911,0.7707755300579731,0.6316486375755639,0.7707755300579731,1,3.0,0.34512524479490997,6,3,14,False,0.2412860519568172,0.15577753895541205,0.743471903999618,1,5,0.60885827030968,0.5909079922573542
F3,3.8623869227597787,CAÑA_PRE_COSECHA_RECIENTE,MEDIUM,"Cosecha hace 3m, recuperación parcial (0.43)",0.3842675551450235,0.11219554892043557,0.7528845583928473,0.6406890094724117,0.7528845583928473,1,3.0,0.43172905524878935,7,2,14,False,0.24530078833490954,0.11681124994134197,0.7166813623823847,1,5,0.5306977508060658,0.5120377048656337
12,6.058311234430609,CAÑA_SOCA,HIGH,Cosecha + recuperación 0.40 — caña soca creciendo,0.5915445506821732,0.20269624703644992,0.7967206400376778,0.5940243930012279,0.7694936240501623,1,11.0,0.40277749846316124,2,6,14,False,0.19825880776684834,0.3149370370097961,0.7847912406464022,0,6,0.7654013880002583,0.7846510233273883
2,230.18962214114177,CAÑA_SOCA,HIGH,Cosecha + recuperación 0.36 — caña soca creciendo,0.6629959420958695,0.4262855614402808,0.8296932075680854,0.4034076461278046,0.783940019093254,1,11.0,0.35765445765297316,0,6,14,False,0.12598911313161684,0.4679401476054113,0.7980147375487348,0,8,0.753947985345721,0.8061384804805045
2A1,18.858700615044373,CAÑA_SOCA,HIGH,Cosecha + recuperación 0.61 — caña soca creciendo,0.677311203621537,0.22701117113430405,0.8434803278453322,0.6164691567110282,0.7779169266759959,1,11.0,0.6098913000910948,2,9,14,False,0.20213226364899306,0.3447045957938875,0.8378023577164738,0,3,0.7676825073232107,0.8339867776555266
2A2,23.827699034185358,CAÑA_SOCA,HIGH,Cosecha + recuperación 0.62 — caña soca creciendo,0.6783124050379443,0.23331482014777008,0.8493255838313014,0.6160107636835314,0.7815081692701783,1,11.0,0.6160107636835314,1,9,14,False,0.20217635071724607,0.35035804846804397,0.8427800010211559,0,4,0.7787854006544004,0.8337516686233114
2A3,29.20280701266582,CAÑA_SOCA,HIGH,Cosecha + recuperación 0.62 — caña soca creciendo,0.6795612136659734,0.23461678262216762,0.8537596736609792,0.6191428910388115,0.7930970420902664,1,11.0,0.6191428910388115,1,9,14,False,0.20391676357266292,0.34447564764491273,0.8412002465350257,0,4,0.7844909512908741,0.825041443174277
2A4,30.754003728338315,CAÑA_SOCA,HIGH,Cosecha + recuperación 0.61 — caña soca creciendo,0.6679662669199494,0.22651039986411056,0.8375454302773283,0.6110350304132177,0.8029699172954415,1,11.0,0.6110350304132177,2,9,14,False,0.21037315310742138,0.30886397271954286,0.8258396702356015,0,3,0.787486041169176,0.8172339694209138
2A5,29.815338538575,CAÑA_SOCA,HIGH,Cosecha + recuperación 0.60 — caña soca creciendo,0.6427483644951241,0.2314153312426482,0.8280946834386226,0.5966793521959743,0.7806926291272075,1,11.0,0.5966793521959743,2,8,14,False,0.20001087133076456,0.3075916081434787,0.8060041604755074,0,4,0.7766409878277992,0.7523151078621361
4A4,14.937296195320055,CAÑA_SOCA,HIGH,Cosecha + recuperación 0.50 — caña soca creciendo,0.6245055563277156,0.2257831985228924,0.7555659864368501,0.5297827879139577,0.7265329462473245,1,6.0,0.500749747724432,1,7,13,False,0.15168846963878646,0.42280392276771706,0.7407824128432539,0,5,0.656399445023622,0.736954767567425
4A6,26.34810367791047,CAÑA_SOCA,HIGH,Cosecha + recuperación 0.49 — caña soca creciendo,0.6305081385637107,0.24545047816015111,0.7844485680521861,0.538998089892035,0.7313446573075512,1,6.0,0.49125857873930445,1,4,13,False,0.13088160504863644,0.5265620882466355,0.7357862208696654,0,8,0.6942998645793265,0.7287541986419134
4A7,9.692591881987829,CAÑA_SOCA,HIGH,Cosecha + recuperación 0.51 — caña soca creciendo,0.6559013618687205,0.2567930090870673,0.7713845261683016,0.5145915170812343,0.7523024951777032,1,6.0,0.5108576231142028,1,6,13,False,0.13466078313477067,0.5645705407860893,0.7680742719378841,1,6,0.722548981615693,0.7479909731299864
4A8,5.314077457777824,CAÑA_SOCA,HIGH,Cosecha + recuperación 0.57 — caña soca creciendo,0.7074438934722945,0.2526710555100053,0.8200256905043057,0.5673546349943004,0.8174494525546886,1,6.0,0.5672646383387703,1,8,12,False,0.15409920903920768,0.6009608072329505,0.8196870697193668,1,3,0.743724983424499,0.8074057679611958
4A9,2.994550062325261,CAÑA_SOCA,HIGH,Cosecha + recuperación 0.57 — caña soca creciendo,0.6842275896005084,0.2216438648415429,0.8021127862356807,0.5804689213941379,0.7956910327208748,1,6.0,0.574047167879332,1,7,12,False,0.1544909345442356,0.609917797939406,0.7955274473724903,1,4,0.7294827079570254,0.7872127546375453
4B1,43.241819582580014,CAÑA_SOCA,HIGH,Cosecha + recuperación 0.51 — caña soca creciendo,0.6150655128149147,0.2629286548066239,0.8032236204763661,0.5402949656697422,0.7640581844015121,1,7.0,0.509532151899522,2,6,14,False,0.1837666763221712,0.3062396575943172,0.7892046901083163,0,6,0.7330105563727795,0.7879033072956597
4B4,10.596632793429723,CAÑA_SOCA,HIGH,Cosecha + recuperación 0.52 — caña soca creciendo,0.7078513946070912,0.3085558431366493,0.8273207900221932,0.5187649468855439,0.8199023616039414,1,6.0,0.5187649468855439,0,7,13,False,0.13218414979451867,0.6331180805960003,0.8194139370736551,1,6,0.7945441800690248,0.7686976195857405
4B5,18.78823111878149,CAÑA_SOCA,HIGH,Cosecha + recuperación 0.55 — caña soca creciendo,0.7173478356351275,0.2550788247435856,0.8214572199272475,0.5663783951836618,0.8010518015306767,1,6.0,0.5494266134508046,1,11,13,False,0.1419583695453207,0.6618136100055095,0.812520372620519,1,1,0.7764179367179654,0.7914598625913953
4B6,19.052776393499244,CAÑA_SOCA,HIGH,Cosecha + recuperación 0.56 — caña soca creciendo,0.6851046082500594,0.2577509123562488,0.8188446687312038,0.561093756374955,0.8091176436728151,1,6.0,0.561093756374955,1,7,13,False,0.1428648809569646,0.5990550070912025,0.8068586308337233,1,5,0.7609107909639379,0.7767407449604881
4B7,22.66191194486273,CAÑA_SOCA,HIGH,Cosecha + recuperación 0.61 — caña soca creciendo,0.6544224599250262,0.21176179937975123,0.8174592685773292,0.6056974691975779,0.8161104620721792,1,6.0,0.6056974691975779,1,6,13,False,0.15549419156347688,0.5771577063102975,0.8113701929394054,1,6,0.7392571211265597,0.7619091726401157
4C2,20.73414088625788,CAÑA_SOCA,HIGH,Cosecha + recuperación 0.63 — caña soca creciendo,0.5414956470233643,0.16187979173021547,0.8155304943460053,0.6536507026157898,0.8155304943460053,1,11.0,0.6315797931127847,3,6,13,False,0.2351110516199846,0.2004749611999433,0.8067101653107577,0,4,0.7835284596133357,0.5669378336466863
5E-5F,22.667576254787388,CAÑA_SOCA,HIGH,Cosecha + recuperación 0.51 — caña soca creciendo,0.6108540141226678,0.24846851043491844,0.7774928076895434,0.529024297254625,0.727801247959232,1,8.0,0.5050195516026156,1,5,13,False,0.16377705843158988,0.34788339207683855,0.752349775598762,0,7,0.7339210114480123,0.7305349119809216
6A,22.496976988780535,CAÑA_SOCA,HIGH,Cosecha + recuperación 0.48 — caña soca creciendo,0.5470693141312498,0.22191344862224188,0.7709737903792977,0.5490603417570559,0.7354948297956546,1,11.0,0.48300794107227385,2,5,13,False,0.1917129889424509,0.2629635791704607,0.7328195240779773,0,6,0.7202415955385244,0.7242844644082966
6A1,17.60489271545991,CAÑA_SOCA,HIGH,Cosecha + recuperación 0.52 — caña soca creciendo,0.5542133917757042,0.20669895071077213,0.7638703597576909,0.5571714090469188,0.7596339729469734,1,11.0,0.5172486066293347,3,5,13,False,0.20112767417990024,0.2533867910030287,0.7563411249538567,0,5,0.7445176303172488,0.7255311737688203
6B,15.844454934971987,CAÑA_SOCA,HIGH,Cosecha + recuperación 0.48 — caña soca creciendo,0.5710825503648785,0.24043652750614744,0.7802331712506115,0.5397966437444641,0.7722290434095209,1,11.0,0.4810895723947144,2,5,13,False,0.19234434542723686,0.3018985207734076,0.7714365094770644,0,6,0.7715986344038127,0.7198846748354019
6B1,22.700973076666408,CAÑA_SOCA,HIGH,Cosecha + recuperación 0.49 — caña soca creciendo,0.5471427732681712,0.2183339013446786,0.7795887552459966,0.561254853901318,0.7483865666587226,1,11.0,0.49262309498955814,3,5,13,False,0.1977376538507767,0.2615514272783343,0.7472913748275236,0,5,0.7406177239091504,0.7171665362598869
6C,6.207529667351206,CAÑA_SOCA,HIGH,Cosecha + recuperación 0.50 — caña soca creciendo,0.5756221573444786,0.24473213256308282,0.7982112060431027,0.5534790734800199,0.7868849166908427,1,11.0,0.5007632161220381,2,5,13,False,0.19355670538809785,0.2913146018670438,0.7838099847994163,0,6,0.769524862420013,0.7248126283886519
6DA,25.834375834598887,CAÑA_SOCA,HIGH,Cosecha + recuperación 0.61 — caña soca creciendo,0.48931276683513225,0.12290967481245713,0.8580473419159613,0.7351376671035041,0.7697756986133794,1,11.0,0.6143517759749155,4,4,13,False,0.24469670354327208,0.15889373784620564,0.7611008193014548,0,5,0.7405313937152318,0.6497647167157495
6E+6F,35.30858894706374,CAÑA_SOCA,MEDIUM,Un ciclo de cosecha sin recuperación clara visible,0.5169555392310249,0.2546739562650743,0.82896586708558,0.5742919108205057,0.7702491119393825,1,13.0,0.24501508807684436,3,4,13,False,0.21271184720924768,0.2645788036567441,0.772117316846706,0,6,0.768227161755272,0.6166839171523741
6H,9.321362000432021,CAÑA_SOCA,HIGH,Cosecha + recuperación 0.50 — caña soca creciendo,0.5831061263550187,0.22806234205347398,0.7938969701570125,0.5658346281035386,0.7634614965869326,1,11.0,0.49693869599982177,2,5,13,False,0.19321203168577458,0.2817562888146459,0.7786181225128377,0,6,0.7605412529425637,0.7440110537290092
6I,8.541021430947625,CAÑA_SOCA,HIGH,Cosecha + recuperación 0.54 — caña soca creciendo,0.5834134546086647,0.20615841766480567,0.790090886023253,0.5839324683584473,0.7829980646997089,1,11.0,0.5373043406094474,2,5,13,False,0.20603340822588226,0.2674689408106941,0.7826119471698189,0,6,0.7810114135070464,0.7521218743759391
6J,21.64704876409054,CAÑA_SOCA,HIGH,Cosecha + recuperación 0.51 — caña soca creciendo,0.6213658109097925,0.2509446658779457,0.7612401847812288,0.5102955189032831,0.7612401847812288,1,8.0,0.5102955189032831,1,6,14,False,0.16149611616783588,0.35953195593574494,0.7500760687908357,0,7,0.7530230450351073,0.7161899514453806
6JJ,16.505093141352212,CAÑA_SOCA,HIGH,Cosecha + recuperación 0.51 — caña soca creciendo,0.5813697571192132,0.2205193167957433,0.7730925553808432,0.5525732385850999,0.7636084346376799,1,11.0,0.508247008784982,2,6,14,False,0.18995592250637422,0.2775987349721997,0.7696710580641802,0,6,0.7521029846555493,0.7501190642808879
7A,17.872698361065822,CAÑA_SOCA,HIGH,Cosecha + recuperación 0.49 — caña soca creciendo,0.5064580604630419,0.1597574434331218,0.8046922764917621,0.6449348330586403,0.8023533870296753,1,13.0,0.4914550235142151,5,6,14,False,0.2634490744478441,0.1698703965277812,0.8034006468248808,1,3,0.7870316746280789,0.36880344209272686
7B,15.498058776082381,CAÑA_SOCA,HIGH,Cosecha + recuperación 0.54 — caña soca creciendo,0.6028103565964592,0.20748266086086764,0.7523771798989642,0.5448945190380966,0.7523771798989642,1,8.0,0.5448945190380966,2,6,14,False,0.18124437311113242,0.2808599473624579,0.740618901069956,0,6,0.7356887927584458,0.7096297634137657
7C,16.32484838301047,CAÑA_SOCA,HIGH,Cosecha + recuperación 0.52 — caña soca creciendo,0.5876811795379056,0.21946625178052417,0.7390922224016391,0.5196259706211149,0.7160159201139573,1,8.0,0.5196259706211149,2,4,14,False,0.16892195109036046,0.3008613104111035,0.71341630637425,0,8,0.7191478823933236,0.6948370436584241
7D,16.03060661880316,CAÑA_SOCA,HIGH,Cosecha + recuperación 0.48 — caña soca creciendo,0.5748058983632124,0.23255418934949953,0.7185860518517074,0.48603186250220787,0.7137748448375267,1,8.0,0.48122065548802717,1,6,14,False,0.16626476293306172,0.30808312669093796,0.713491104507247,0,7,0.6894713722747227,0.7110511363766605
7E,16.012119105425086,CAÑA_SOCA,HIGH,Cosecha + recuperación 0.48 — caña soca creciendo,0.5764957013410663,0.22617411101207577,0.7385507217869534,0.5123766107748776,0.7051422624227559,1,8.0,0.47896815141068017,1,5,14,False,0.1705461262486109,0.30687024976103844,0.7276988154311256,0,8,0.6865660706607507,0.729729671565095
7F,16.479588018672658,CAÑA_SOCA,HIGH,Cosecha + recuperación 0.49 — caña soca creciendo,0.5735241544565483,0.21696022773456144,0.730607017514653,0.5136467897800915,0.7106135392487597,1,8.0,0.4936533115141982,2,5,14,False,0.17302509005182368,0.2984953943545317,0.7231568034570122,0,7,0.6993378644344066,0.7254219212906784
7H,16.28772493800292,CAÑA_SOCA,HIGH,Cosecha + recuperación 0.49 — caña soca creciendo,0.5641342214676799,0.23415293205981488,0.7219974405063256,0.4878445084465107,0.7181363131545015,1,8.0,0.4878445084465107,2,2,13,False,0.16452516705885503,0.2806853002254944,0.7101640250049179,0,9,0.6974726708531754,0.6591400859555213
7I,15.988689301459907,CAÑA_SOCA,HIGH,Cosecha + recuperación 0.49 — caña soca creciendo,0.5548735429064569,0.22994540585399403,0.7191039014881863,0.4891584956341922,0.7058272211144417,1,8.0,0.4891584956341922,2,2,13,False,0.16550264185962518,0.2725746569614181,0.7005947602370639,0,9,0.7015320131100601,0.6461908519141056
7J,15.986446191295908,CAÑA_SOCA,HIGH,Cosecha + recuperación 0.48 — caña soca creciendo,0.5569939935779427,0.2304157836238102,0.7085926971572369,0.47817691353342673,0.6863046434077328,1,8.0,0.47817691353342673,2,1,13,False,0.16592370518298616,0.27829329601352737,0.6909707088546089,0,10,0.6956781885937658,0.654762223064382
7K,15.439279616540272,CAÑA_SOCA,HIGH,Cosecha + recuperación 0.58 — caña soca creciendo,0.6190233406148303,0.21937962067752537,0.7974855538133087,0.5781059331357833,0.7974855538133087,1,8.0,0.5781059331357833,2,6,13,False,0.18525538793639745,0.31952897555769594,0.7905349980851836,0,5,0.7707840653476525,0.7514968014573012
7L,16.39431602386879,CAÑA_SOCA,HIGH,Cosecha + recuperación 0.58 — caña soca creciendo,0.6438124960782281,0.23077811388658465,0.8125394181751283,0.5817613042885437,0.8122534102467737,1,8.0,0.5817613042885437,1,6,13,False,0.17870557990472083,0.35683454560152433,0.8066688783629357,0,6,0.8007486500794267,0.7458794883517087
7M,10.669343869812101,CAÑA_SOCA,HIGH,Cosecha + recuperación 0.59 — caña soca creciendo,0.6527524759120847,0.24955602266765917,0.8370189763760748,0.5874629537084156,0.8068219829774552,1,8.0,0.5874629537084156,1,8,14,False,0.17217401661681866,0.37998161692344434,0.8142836400850539,0,5,0.8204408174948993,0.741333495260427
8A02,18.787113630015313,CAÑA_SOCA,HIGH,Cosecha + recuperación 0.46 — caña soca creciendo,0.6132794355794208,0.26605910206305,0.7479501371417386,0.48189103507868863,0.6995133112067916,1,9.0,0.4572508130102993,1,5,14,False,0.15240797623556493,0.3922296288876824,0.7437763417939532,0,8,0.7074164832650066,0.7435384282604446
8A03,26.20382417540272,CAÑA_SOCA,HIGH,Cosecha + recuperación 0.47 — caña soca creciendo,0.5984013253813681,0.24609877739029498,0.755109425085572,0.509010647695277,0.6726101036351251,1,10.0,0.46975442124946887,2,5,14,False,0.1717315686290857,0.3215554887878647,0.7504921846489733,0,7,0.694300700650523,0.7488751777149378
8A04,32.14471036613864,CAÑA_SOCA,HIGH,Cosecha + recuperación 0.53 — caña soca creciendo,0.6217030673723775,0.23093758544406234,0.7828804197805311,0.5519428343364687,0.7167212702283638,1,10.0,0.5341216664274666,1,8,14,False,0.18095813658426058,0.3470129231896491,0.7769789188704029,0,5,0.7333331722798455,0.7744733071606255
8A08,23.06414841243645,CAÑA_SOCA,HIGH,Cosecha + recuperación 0.56 — caña soca creciendo,0.5010011925740565,0.13637234973294937,0.8266763398436748,0.6903039901107255,0.7981205891216244,1,13.0,0.5576172253476909,5,5,14,False,0.25409567893417284,0.1580113271641426,0.7936478025958219,0,4,0.7873603462692761,0.33866860785330744
8A09,18.256955789751938,CAÑA_SOCA,HIGH,Cosecha + recuperación 0.53 — caña soca creciendo,0.4993728771655897,0.15684553994284864,0.8194530570895582,0.6626075171467095,0.797501917093093,1,13.0,0.53160775508657,5,5,14,False,0.25296982693126474,0.1742934920932258,0.8027825938963085,0,4,0.7925333523829928,0.3689120606560559
8A1,2.282669010805249,CAÑA_SOCA,HIGH,Cosecha + recuperación 0.45 — caña soca creciendo,0.6131875940915318,0.2504763090676785,0.7667300215035185,0.5162537124358401,0.6867647800027741,1,8.0,0.4539212678137562,1,5,14,False,0.15307593920386484,0.359906239173578,0.746062029144324,0,8,0.6734069792244685,0.7484667372940224
8A2,8.935394043644527,CAÑA_SOCA,HIGH,Cosecha + recuperación 0.47 — caña soca creciendo,0.6126041917717078,0.26118926103852014,0.7657904747209998,0.5046012136824797,0.6943674590188916,1,9.0,0.46552965285537373,1,5,14,False,0.1564109419842118,0.38559377748720836,0.7582761308238806,0,8,0.7053905237965604,0.7599229143380216
8A3,15.281350148226272,CAÑA_SOCA,HIGH,Cosecha + recuperación 0.48 — caña soca creciendo,0.600305598492511,0.2346390867036188,0.7652977573862759,0.5306586706826572,0.6698111686253506,1,10.0,0.4804059258213885,2,5,14,False,0.1774612168126299,0.31426176154968377,0.7609480502458246,0,7,0.6940925053947993,0.7597887893982426
8A4,21.96672256677638,CAÑA_SOCA,HIGH,Cosecha + recuperación 0.54 — caña soca creciendo,0.6349858037544523,0.2259519989575337,0.8009662771636907,0.575014278206157,0.7321105816418317,1,10.0,0.5411405233175292,1,9,14,False,0.18648762799263086,0.35042897137915807,0.791100984372079,0,4,0.7437960752730582,0.7927889156167365
8A8,12.731398248891225,CAÑA_SOCA,HIGH,Cosecha + recuperación 0.59 — caña soca creciendo,0.49306700637171236,0.11857251804124118,0.8276194824600636,0.7090469644188224,0.7904841513542563,1,13.0,0.5865748404314315,5,5,14,False,0.2632051307092046,0.13923293215797491,0.7900787527941131,0,4,0.7867289834502621,0.3307187816037895
8A9,7.704481344477821,CAÑA_SOCA,HIGH,Cosecha + recuperación 0.54 — caña soca creciendo,0.4971170914623695,0.15507929714450028,0.8243829234637953,0.669303626319295,0.7903183796782606,1,13.0,0.5445003414527334,5,6,14,False,0.25997550175893974,0.16934412432545784,0.7992956848257332,0,3,0.7904311129542793,0.3874621959129032
9A2,20.474239866718737,CAÑA_SOCA,HIGH,Cosecha + recuperación 0.55 — caña soca creciendo,0.6947555660671523,0.24580546037252815,0.8415317285049483,0.5957262681324201,0.8062285353047449,1,8.0,0.5505935812129443,2,11,14,False,0.19946699110876626,0.33099022524657695,0.8268588203356602,1,1,0.8035033115880177,0.8284299866585486
9B2,20.671759265297,CAÑA_SOCA,HIGH,Cosecha + recuperación 0.56 — caña soca creciendo,0.566408776982574,0.19567253237115098,0.7590481930974303,0.5633756607262793,0.7590481930974303,1,8.0,0.5633756607262793,2,6,14,False,0.18720067297122195,0.25542500110543775,0.7206356799683958,0,6,0.7003336075091834,0.7181017078629189
9B4,23.58312965926418,CAÑA_SOCA,HIGH,Cosecha + recuperación 0.58 — caña soca creciendo,0.5875529545547113,0.18433503689359207,0.7606710389816654,0.5763360020880733,0.7606710389816654,1,7.0,0.5763360020880733,2,6,14,False,0.1855612932220241,0.2899420043199827,0.7561924883264882,0,6,0.6963773564027634,0.7539655760055295
9B50,28.34407544459461,CAÑA_SOCA,HIGH,Cosecha + recuperación 0.58 — caña soca creciendo,0.5893103114699983,0.18712379101571472,0.7711075451345797,0.5839837541188649,0.7711075451345797,1,7.0,0.5839837541188649,2,6,14,False,0.1908169713293311,0.2713597567519885,0.7543368301467771,0,6,0.7061815442463736,0.7472864957362878
9B6,46.947053691607294,CAÑA_SOCA,HIGH,Cosecha + recuperación 0.57 — caña soca creciendo,0.5800435464477003,0.18786990917287574,0.7598913950765886,0.5720214859037129,0.7598913950765886,1,7.0,0.5720214859037129,2,6,14,False,0.1884092766242184,0.26120793932471703,0.7452664544817359,0,6,0.6975470162171667,0.7378081369245532
A17,20.383445997520063,CAÑA_SOCA,HIGH,Cosecha + recuperación 0.61 — caña soca creciendo,0.6663973768576607,0.22556981280146984,0.8306686680052583,0.6050988552037885,0.8218472006923221,1,9.0,0.6050988552037885,1,8,14,False,0.17922982115976202,0.4013919485964455,0.8202601829734217,0,5,0.7826889986923105,0.7974623796669701
A2,16.167616837095082,CAÑA_SOCA,HIGH,Cosecha + recuperación 0.65 — caña soca creciendo,0.7105927681028933,0.21356186379759665,0.8590028615419293,0.6454409977443326,0.8159464778188558,1,9.0,0.6454409977443326,1,11,14,False,0.18793456364737224,0.4250855610875764,0.8357792304349118,0,2,0.7943250167917393,0.8266070213972446
A3,16.333026467137252,CAÑA_SOCA,HIGH,Cosecha + recuperación 0.64 — caña soca creciendo,0.7132929774416782,0.22329340837060802,0.8661196672895826,0.6428262589189746,0.8226318481117932,1,9.0,0.6428262589189746,1,10,14,False,0.18414833761572041,0.4444632445873248,0.8449336635656812,0,3,0.8001909747439148,0.833384102353587
A4,15.287016660992837,CAÑA_SOCA,HIGH,Cosecha + recuperación 0.67 — caña soca creciendo,0.5829399091565985,0.19762869448254233,0.8630359298930914,0.6654072354105491,0.8312841458883539,1,11.0,0.6654072354105491,2,6,14,False,0.23297640522635496,0.24110680499182185,0.8471488256880346,0,6,0.8059628951752263,0.4765908542955515
A5,14.845264892051988,CAÑA_SOCA,HIGH,Cosecha + recuperación 0.67 — caña soca creciendo,0.5802502885259361,0.18085569328192347,0.8513403237830645,0.6704846305011409,0.8273601032723523,1,11.0,0.6704846305011409,2,6,14,False,0.23424983636652585,0.24458849352718437,0.8406327710176211,0,6,0.813201078469325,0.47063251753057683
A6,16.087870301354698,CAÑA_SOCA,HIGH,Cosecha + recuperación 0.67 — caña soca creciendo,0.5504749055518613,0.17220110523266574,0.8468323428535703,0.6746312376209046,0.6873682662366601,1,11.0,0.6695104524825065,3,5,14,False,0.23986555547222643,0.19490805172473882,0.8369922669172397,0,6,0.7762136567115699,0.5040479905600819
A7,12.677288672386474,CAÑA_SOCA,HIGH,Cosecha + recuperación 0.53 — caña soca creciendo,0.6495330893412553,0.2464737391350787,0.7965725151576543,0.5500987760225755,0.765560108161761,1,9.0,0.53205051190014,1,8,14,False,0.16388014890028565,0.4135272024112475,0.7828202254419815,0,5,0.7661770135962608,0.7696826408501861
A8,34.72240604064608,CAÑA_SOCA,HIGH,Cosecha + recuperación 0.56 — caña soca creciendo,0.7052477721753272,0.26991310035544136,0.8305467862511412,0.5606336858956998,0.7759812285287903,1,9.0,0.5606336858956998,1,11,14,False,0.1560679711975852,0.48772347088886847,0.8172044148499013,0,2,0.7603688659770493,0.7892228465209241
B10,15.49371240646386,CAÑA_SOCA,HIGH,Cosecha + recuperación 0.62 — caña soca creciendo,0.6966530222756727,0.22560729842485894,0.8607756457455881,0.6351683473207291,0.8429743008741396,1,9.0,0.6201988068617944,2,10,14,False,0.23047412213103685,0.26591444763213556,0.847907422842548,0,2,0.833167868021068,0.8460891713461768
B11,14.400639054216873,CAÑA_SOCA,HIGH,Cosecha + recuperación 0.61 — caña soca creciendo,0.7056206407899529,0.25042705065620763,0.8599367317034425,0.6095096810472349,0.843967996954888,1,9.0,0.6051019752531095,2,10,14,False,0.2163476793120961,0.30122958579361403,0.8520607172229884,0,2,0.8348569204972632,0.8291683852236623
B12,11.975402277088753,CAÑA_SOCA,HIGH,Cosecha + recuperación 0.61 — caña soca creciendo,0.7045176542104457,0.24765316055332157,0.8613225321285413,0.6136693715752197,0.846986923223824,1,9.0,0.6090738641704508,2,10,14,False,0.21972349509196798,0.29075950924510985,0.8538049942737879,1,2,0.835230885027466,0.8337033104024402
B13A,10.111335663992744,CAÑA_SOCA,HIGH,Cosecha + recuperación 0.58 — caña soca creciendo,0.6981939826238462,0.258241895938648,0.8514576167791341,0.5932157208404861,0.8323992753797912,1,9.0,0.5822342671943019,2,10,14,False,0.20508890333255084,0.3246393378422994,0.8402496684712815,0,2,0.8151370684288911,0.8252303348400253
B13B,7.715012522451751,CAÑA_SOCA,HIGH,Cosecha + recuperación 0.61 — caña soca creciendo,0.6614372542128059,0.22817791181936725,0.83586078238894,0.6076828705695727,0.8318717557386991,1,9.0,0.6076828705695727,1,8,14,False,0.19328221028561945,0.3582830395152586,0.8305047981397695,0,5,0.8214411198962684,0.8021482452182739
B14,7.759440194140472,CAÑA_SOCA,HIGH,Cosecha + recuperación 0.51 — caña soca creciendo,0.6246072937076804,0.24710345991274496,0.7678765742568381,0.5207731143440931,0.7456527255593342,1,9.0,0.5118131585076547,1,9,14,False,0.17845473104545526,0.3270716985874622,0.7576740504653574,0,4,0.7430646628333323,0.7531067150263562
B15,6.696990518278454,CAÑA_SOCA,HIGH,Cosecha + recuperación 0.53 — caña soca creciendo,0.6254931886748883,0.23434199562374952,0.7649078079632724,0.5305658123395229,0.7649078079632724,1,9.0,0.5305658123395229,1,8,14,False,0.17271653606516027,0.34861032783889007,0.7541003669645303,0,5,0.7569111810932473,0.7425707309790427
B2,9.163688990842392,CAÑA_SOCA,HIGH,Cosecha + recuperación 0.40 — caña soca creciendo,0.6722770084754837,0.24477502950345567,0.8111975316803919,0.5664225021769362,0.805167605946974,1,9.0,0.4036844730850548,1,10,14,False,0.19368823578244507,0.35202318109628605,0.8068094912602067,0,3,0.7868612648766579,0.8030839373028047
B3,11.26885497552235,CAÑA_SOCA,HIGH,Cosecha + recuperación 0.38 — caña soca creciendo,0.6492508999000285,0.22922121749441127,0.8016558305124079,0.5724346130179966,0.754071294390401,1,9.0,0.3762842909558726,1,9,14,False,0.1916962757282702,0.34255740141219676,0.7997270783620417,0,4,0.7481580567038124,0.7980258514961968
B4,11.960687852069368,CAÑA_SOCA,HIGH,Cosecha + recuperación 0.48 — caña soca creciendo,0.6076159577329641,0.24773576585103418,0.7780543355957843,0.5303185697447501,0.715931191618808,1,9.0,0.4755793382537289,2,8,14,False,0.1820463364399723,0.28796659968228283,0.7662224757205645,0,4,0.717908597759616,0.7655273660579865
B5,18.595183604456857,CAÑA_SOCA,HIGH,Cosecha + recuperación 0.34 — caña soca creciendo,0.6075830806974766,0.31893851459707956,0.8095272603625763,0.4905887457654967,0.7375407700440547,1,12.0,0.33559797029567967,0,7,14,False,0.1681680204219675,0.3702992025702351,0.7903825677687126,0,7,0.7332862184946922,0.6779862187080535
B6,19.6685829405928,CAÑA_SOCA,HIGH,Cosecha + recuperación 0.61 — caña soca creciendo,0.7162544863254939,0.22888335421444075,0.8602393666538444,0.6313560124394036,0.7998741518658076,1,9.0,0.6114441262801299,1,10,14,False,0.18300650710616329,0.4472753948475526,0.839926634363845,0,3,0.7718371641391362,0.8340099635015048
B7,18.74617097628233,CAÑA_SOCA,HIGH,Cosecha + recuperación 0.50 — caña soca creciendo,0.701141482488054,0.3322387729938034,0.8281264608461709,0.49588768785236753,0.7820629301624601,1,9.0,0.4951862684101496,0,10,14,False,0.13350462524720416,0.5413839420967322,0.8254455486902453,0,4,0.7667955557783372,0.7496578369212057
B8,19.095602376105706,CAÑA_SOCA,HIGH,Cosecha + recuperación 0.59 — caña soca creciendo,0.6876344432886723,0.2422330791406511,0.8504504857843178,0.6082174066436667,0.8331301283335681,1,9.0,0.5874823415484611,2,10,14,False,0.21639846295810572,0.29112691601689833,0.8352670696995882,0,2,0.7958730937017396,0.833012856553637
B9,18.73291525666613,CAÑA_SOCA,HIGH,Cosecha + recuperación 0.59 — caña soca creciendo,0.6920422595692283,0.2416122360889744,0.8347496375842435,0.5931374014952691,0.8342591605621933,1,9.0,0.5926469244732189,2,10,14,False,0.20995133706446256,0.31069115129899055,0.8335193859590981,0,2,0.8177948601927331,0.8209094051465872
C1,15.207568432633957,CAÑA_SOCA,HIGH,Cosecha + recuperación 0.46 — caña soca creciendo,0.4095099091634409,0.08072255718388792,0.6533008712284939,0.572578314044606,0.6189063941669072,1,11.0,0.461696923564176,5,0,14,False,0.19855289071019547,0.13110956258472029,0.6311038379819104,0,9,0.5841061648748441,0.5973952129564511
C2,6.228286683756949,CAÑA_SOCA,HIGH,Cosecha + recuperación 0.57 — caña soca creciendo,0.6211462071530081,0.19590291465605572,0.7665346772689089,0.5706317626128532,0.7474672146135676,1,9.0,0.5653301640901557,2,9,14,False,0.19169656868906326,0.31602218976671936,0.7601067938790876,0,3,0.7509584537972848,0.752048658539822
C3,8.696280933541884,CAÑA_SOCA,HIGH,Cosecha + recuperación 0.56 — caña soca creciendo,0.6376233514121783,0.21315297906507036,0.7710154808028771,0.5578625017378067,0.7525554620302566,1,9.0,0.5578625017378067,1,9,14,False,0.18764082590219328,0.32905751838352537,0.7683306223631889,0,4,0.7575058587672663,0.7564135782578054
C4,13.055091197940646,CAÑA_SOCA,HIGH,Cosecha + recuperación 0.57 — caña soca creciendo,0.6914363918080816,0.2529230455943149,0.8252537026461143,0.5723306570517994,0.7410942514543214,1,9.0,0.5723306570517994,1,10,14,False,0.16772002179896023,0.4463367402631301,0.8085573022557005,0,3,0.7607707201358608,0.797477199956861
C5,17.558972663276684,CAÑA_SOCA,HIGH,Cosecha + recuperación 0.56 — caña soca creciendo,0.6864043090784842,0.2513096652063218,0.8132215978743261,0.5619119326680043,0.7429161084029103,1,9.0,0.5619119326680043,1,10,14,False,0.1671851795907725,0.44046909357888125,0.8057505382458331,0,3,0.7583697347220114,0.796333381965909
D7,14.136810503121698,CAÑA_SOCA,HIGH,Cosecha + recuperación 0.51 — caña soca creciendo,0.6416552381058533,0.26048624379915053,0.778029446946185,0.5175432031470345,0.7307909759356493,1,9.0,0.5129968439477703,1,9,14,False,0.1608284946143821,0.387929636890545,0.7715581919749868,0,4,0.7469236325170968,0.7624354815107474
E2,20.18129744656054,CAÑA_SOCA,HIGH,Cosecha + recuperación 0.50 — caña soca creciendo,0.5936740085256914,0.21729149298239425,0.7853129093610658,0.5680214163786715,0.6813229128410313,1,10.0,0.5004560136145605,1,4,14,False,0.15958084579231316,0.37645993000223366,0.7553930704906737,0,9,0.6824221146700209,0.7539274141484276
E4AA,0.8565535841208639,CAÑA_SOCA,HIGH,Cosecha + recuperación 0.51 — caña soca creciendo,0.6194237145703834,0.19073272032264982,0.7998693412504124,0.6091366209277627,0.6994927095124773,1,6.0,0.5087599891898276,2,5,14,False,0.19577119780330532,0.2715703062860428,0.7858592550955636,0,7,0.6759560194813486,0.790101721421697
E4B,2.888624419130093,CAÑA_SOCA,HIGH,Cosecha + recuperación 0.55 — caña soca creciendo,0.6188184252265889,0.17528352233327413,0.7984456310900996,0.6231621087568254,0.7285390571204009,1,6.0,0.5532555347871267,2,7,14,False,0.20690774655903255,0.24556149574029307,0.7871675987332413,1,5,0.7028531847688013,0.7891978964253251
E5,15.010084516749851,CAÑA_SOCA,HIGH,Cosecha + recuperación 0.58 — caña soca creciendo,0.5816319252539816,0.1850703504689115,0.7640057712185434,0.5789354207496319,0.7640057712185434,1,6.0,0.5789354207496319,2,4,14,False,0.1622162457587928,0.34110442653961703,0.7085382886924827,0,8,0.696259122085691,0.7011608531588034
E8,27.141163616385434,CAÑA_SOCA,HIGH,Cosecha + recuperación 0.56 — caña soca creciendo,0.5975173396738575,0.17069863734382362,0.7893094649907305,0.6186108276469069,0.7263429294228365,1,6.0,0.5556442920790129,2,6,14,False,0.20238709722909928,0.2474914127675747,0.772548912295467,0,6,0.6512690340251085,0.7763500308458481
F1,29.01194661927817,CAÑA_SOCA,HIGH,Cosecha + recuperación 0.46 — caña soca creciendo,0.4071783395059869,0.14696563871280885,0.7795926849935318,0.632627046280723,0.7210353546911663,1,12.0,0.4563826343002654,6,2,14,False,0.2300434315899988,0.14931612782299106,0.7000756160769148,0,6,0.533427712269357,0.5651383215649203
F10,22.614791525277052,CAÑA_SOCA,HIGH,Cosecha + recuperación 0.48 — caña soca creciendo,0.4747124206751371,0.08795524268873943,0.8046181535693456,0.7166629108806062,0.8046181535693456,1,13.0,0.4777329101283983,4,5,14,False,0.26411228081368493,0.12020468029258698,0.783977032769854,0,5,0.7849097189846034,0.46867484187572234
F3C,1.594391467477215,CAÑA_SOCA,HIGH,Cosecha + recuperación 0.48 — caña soca creciendo,0.380332605538882,0.1233493568573054,0.7950197229900097,0.6716703661327043,0.712636731286179,1,12.0,0.4813164772835151,7,2,14,False,0.23919078596024965,0.12631766945020342,0.6929539772475017,0,5,0.5193967032107859,0.5577891760499761
F3D,8.737438714089954,CAÑA_SOCA,HIGH,Cosecha + recuperación 0.43 — caña soca creciendo,0.3925173618647153,0.13693370416182535,0.798425788947096,0.6614920847852707,0.7127766540160358,1,12.0,0.43331951449024053,7,2,14,False,0.23277874728838874,0.14233306735247234,0.7008832926621632,0,5,0.5335296238357935,0.5836716815475617
F4,22.527697347103484,CAÑA_SOCA,HIGH,Cosecha + recuperación 0.59 — caña soca creciendo,0.6478052494401573,0.2069226659792052,0.7935875246074869,0.5866648586282818,0.7548059645142626,1,9.0,0.5866648586282818,1,9,14,False,0.18185664837470247,0.34668082589033994,0.7712564789921973,0,4,0.7470194800039819,0.7623366759037166
F5,22.505345374423182,CAÑA_SOCA,HIGH,Cosecha + recuperación 0.54 — caña soca creciendo,0.6348269781843686,0.21294423291686063,0.7603983829336938,0.5474541500168332,0.7280337930739781,1,9.0,0.5383123465655878,1,8,14,False,0.1653293840893713,0.3859214141896202,0.7507916140306212,0,5,0.730870734365915,0.7498520597086579
F6A,12.535855171860861,CAÑA_SOCA,HIGH,Cosecha + recuperación 0.57 — caña soca creciendo,0.6522005553321858,0.22430284385053587,0.7952467794103893,0.5709439355598535,0.7574667592257694,1,9.0,0.5709439355598535,1,9,14,False,0.17264949503120136,0.3774956678629144,0.7682292990821261,0,4,0.7486492131126657,0.7577836391537773
F6B,7.131583728620864,CAÑA_SOCA,HIGH,Cosecha + recuperación 0.58 — caña soca creciendo,0.6371109004975698,0.20047406492372571,0.7835148509712326,0.5830407860475069,0.7391398501664479,1,9.0,0.5830407860475069,2,9,14,False,0.18587306364141182,0.3282730436035742,0.773847785645979,0,3,0.7320126174621701,0.7646422137764198
F7,17.98962488204658,CAÑA_SOCA,HIGH,Cosecha + recuperación 0.51 — caña soca creciendo,0.6186353813261768,0.23786706841775632,0.7698952459225735,0.5320281775048172,0.7312176257848096,1,9.0,0.5074927102329507,2,8,14,False,0.18116288700673586,0.3044475129265787,0.7517774035124417,0,4,0.7323695823801305,0.7558637101833007
G1,28.92928071455065,CAÑA_SOCA,HIGH,Cosecha + recuperación 0.58 — caña soca creciendo,0.6699918601413809,0.22058546745008337,0.8359416503516214,0.615356182901538,0.7609392951930403,1,10.0,0.5781274764700064,1,9,14,False,0.19325709493506812,0.35134362445620615,0.8140099721759934,0,4,0.7590274803487577,0.8203579495155356
G2,33.732354579898505,CAÑA_SOCA,HIGH,Cosecha + recuperación 0.31 — caña soca creciendo,0.6867531495479439,0.2682825537601594,0.8251499084873692,0.5568673547272098,0.763398036216658,1,10.0,0.3081636495909086,1,10,14,False,0.16975986830509007,0.45177980331119627,0.807201439202165,0,3,0.7706220181993704,0.809944324472187
G3,9.555793105671922,CAÑA_SOCA,HIGH,Cosecha + recuperación 0.53 — caña soca creciendo,0.6800406433575473,0.28156760290505023,0.8143080636125405,0.5327404607074903,0.7898061469290106,1,10.0,0.5327404607074903,1,10,14,False,0.18222292827410191,0.36485553711253826,0.8071803035500452,0,3,0.7821349418686484,0.7893331976927757
G4,21.839086884238775,CAÑA_SOCA,HIGH,Cosecha + recuperación 0.51 — caña soca creciendo,0.6337190544413964,0.24145005150071414,0.7580609071269285,0.5166108556262143,0.7414002724961639,1,8.0,0.5061994401414216,2,7,14,False,0.1670348969876888,0.345244636705649,0.7473970648511361,0,5,0.7376655009542451,0.7457910517940288
G6,13.843664216512055,CAÑA_SOCA,HIGH,Cosecha + recuperación 0.50 — caña soca creciendo,0.6567231264665188,0.2855410892611684,0.7869462321941991,0.5014051429330307,0.7533450509953532,1,10.0,0.49612458306546836,1,9,14,False,0.1708396577089963,0.3591129435919314,0.7803274681231729,0,4,0.7567721655382679,0.766336575882823
HD2,11.353841772103221,CAÑA_SOCA,HIGH,Cosecha + recuperación 0.63 — caña soca creciendo,0.6918784998521438,0.18285850640674803,0.837904354711472,0.6550458483047239,0.8140473979394839,1,6.0,0.6311888915327358,1,11,14,False,0.19125439817555523,0.4026241132207617,0.8189116203074583,0,2,0.7995722160710006,0.8230380248741321
HD3,16.19700357700409,CAÑA_SOCA,HIGH,Cosecha + recuperación 0.58 — caña soca creciendo,0.6370564849000842,0.19823270666174672,0.8256183730960015,0.6273856664342548,0.7784928078196891,1,6.0,0.5802601011579424,1,6,14,False,0.1808182768339504,0.3840178962633559,0.8172945735281608,0,7,0.6905885228605925,0.8187748589515159
HD4,16.134016881567273,CAÑA_SOCA,HIGH,Cosecha + recuperación 0.56 — caña soca creciendo,0.6129092706585988,0.1662098086666932,0.8012993856914143,0.6350895770247211,0.7237611982267151,1,6.0,0.5575513895600219,2,6,14,False,0.19712289954454007,0.2804736296313409,0.7758066835617664,0,6,0.6616566630687243,0.783986207284749
HDS1,31.53450414281719,CAÑA_SOCA,HIGH,Cosecha + recuperación 0.49 — caña soca creciendo,0.6119977732297607,0.24923220369287413,0.8041824876211331,0.554950283928259,0.7371434999406354,1,10.0,0.4879112962477613,1,6,14,False,0.16755621766313067,0.35942983915100724,0.7902451679811717,0,7,0.7234616065701927,0.7892620272894124
J1_soya,12.423482169625872,CAÑA_SOCA,HIGH,Cosecha + recuperación 0.68 — caña soca creciendo,0.5867332465580904,0.19533788260211854,0.886475352082231,0.6911374694801125,0.8027997029766207,1,13.0,0.6751485933335878,3,7,14,False,0.2511624598645334,0.22184024472149416,0.8460493828389071,0,4,0.7773676643110757,0.3088676055476238
LOTE_M1_-_S,18.974195750132104,CAÑA_SOCA,HIGH,Cosecha + recuperación 0.57 — caña soca creciendo,0.6705355749094674,0.23542570507694854,0.8346305676992488,0.5992048626223003,0.7991619541409554,1,11.0,0.5732078958429272,2,9,14,False,0.2085275116132317,0.3052426451968056,0.8287659439545,0,3,0.7841742719434045,0.8175513558355011
M2-S,14.198808635174984,CAÑA_SOCA,HIGH,Cosecha + recuperación 0.61 — caña soca creciendo,0.6764603779016685,0.23802468438268137,0.8442074411340668,0.6061827567513853,0.812827734557013,1,11.0,0.6061827567513853,2,9,14,False,0.2123786280733046,0.29790836491451206,0.8297954120791792,0,3,0.8047683824900401,0.8193155822188191
M3,15.68414682280352,CAÑA_SOCA,HIGH,Cosecha + recuperación 0.65 — caña soca creciendo,0.65469036597249,0.1904156584871649,0.8396497914913605,0.6492341330041956,0.8396497914913605,1,7.0,0.6492341330041956,2,8,14,False,0.21421431710181368,0.28485380049159365,0.8286073842596681,1,4,0.8151660313038572,0.8122565238261358
M3-S,9.816563447402173,CAÑA_SOCA,HIGH,Cosecha + recuperación 0.62 — caña soca creciendo,0.658108710854129,0.2294842589846705,0.8482167199422703,0.6187324609575998,0.7814846058434537,1,11.0,0.6187324609575998,2,9,14,False,0.21652259794555653,0.27391167710264935,0.8349306815552568,0,3,0.7929797474618202,0.8042305097019528
M4,13.418405594009604,CAÑA_SOCA,HIGH,Cosecha + recuperación 0.67 — caña soca creciendo,0.6678793025607165,0.17726269120631855,0.8520084704951029,0.6747457792887843,0.8520084704951029,1,7.0,0.6747457792887843,2,8,14,False,0.21591713763308665,0.3039266296852415,0.8400409500735867,0,4,0.8309961061527265,0.8174352909302227
M5,10.138793540933495,CAÑA_SOCA,HIGH,Cosecha + recuperación 0.67 — caña soca creciendo,0.6716139014807124,0.1938323028957827,0.8593175006024927,0.66548519770671,0.8593175006024927,1,7.0,0.66548519770671,2,8,14,False,0.22068429911916812,0.29440853719762894,0.8453657128237131,0,4,0.8359866394214609,0.8399465167657355
Meño2,9.11401671881763,CAÑA_SOCA,HIGH,Cosecha + recuperación 0.57 — caña soca creciendo,0.6660066934742643,0.2113386543130435,0.8430237861597429,0.6316851318466994,0.7937165667433635,1,11.0,0.5716783036554858,2,9,14,False,0.21479755719506058,0.30469350564085074,0.8307881374138919,0,3,0.7878443319311219,0.8189571757571658
Meño3,27.49382834567892,CAÑA_SOCA,HIGH,Cosecha + recuperación 0.59 — caña soca creciendo,0.6704293412641374,0.24585955299017884,0.8400751347055196,0.5942155817153408,0.7990596933023536,1,11.0,0.5942155817153408,2,9,14,False,0.20891970789529807,0.2984649677193828,0.8285272884718005,0,3,0.7991400685854874,0.8129335434816953
P1,26.139918853337058,CAÑA_SOCA,HIGH,Cosecha + recuperación 0.60 — caña soca creciendo,0.6706730963556959,0.21848208721056397,0.8634865354514858,0.6450044482409218,0.8400545168849229,1,11.0,0.6033614994652499,2,9,14,False,0.2316156735868998,0.272488002336049,0.8450362869603575,0,3,0.8147271681316636,0.830008744217328
P10,7.4984384768226215,CAÑA_SOCA,HIGH,Cosecha + recuperación 0.57 — caña soca creciendo,0.6392668534218295,0.2361874787197354,0.8246830627434665,0.5884955840237311,0.8060302390443403,1,11.0,0.5715766852246731,2,8,14,False,0.20418376130461183,0.3095343306235879,0.8095100184875054,0,4,0.7964000423558847,0.7504924162750598
P11,31.906284504984843,CAÑA_SOCA,HIGH,Cosecha + recuperación 0.65 — caña soca creciendo,0.7068734449046165,0.1835028533029759,0.8653852594764718,0.6818824061734959,0.8197117777537132,1,7.0,0.6467535889486028,1,9,14,False,0.19776886093447135,0.42410306467760533,0.8535705976856208,1,4,0.8223665383586364,0.8556507670247875
P2,24.566354037062457,CAÑA_SOCA,HIGH,Cosecha + recuperación 0.62 — caña soca creciendo,0.6797945610323396,0.22069722603871625,0.8688325943166605,0.6481353682779443,0.842455109066331,1,11.0,0.6181213740075021,2,10,14,False,0.23071386758072443,0.2714875522826549,0.8484469533802628,0,2,0.8189180056282933,0.8345215527662276
P3,23.588078164405527,CAÑA_SOCA,HIGH,Cosecha + recuperación 0.48 — caña soca creciendo,0.6821757485522651,0.36060567773789876,0.8443700494588084,0.4837643717209097,0.822332737427402,1,11.0,0.4837643717209097,0,9,14,False,0.1647100439272125,0.38725558183769754,0.8227763994860889,0,5,0.8044635511808053,0.7205511200196617
P4,24.19681114769373,CAÑA_SOCA,HIGH,Cosecha + recuperación 0.51 — caña soca creciendo,0.6600117536924636,0.30305249366144293,0.8235096413455458,0.5204571476841029,0.8037566200959302,1,11.0,0.51374531926262,0,9,14,False,0.1817334099507552,0.33127634862747574,0.8132867535324891,0,5,0.7961242159642018,0.7424268309090655
P5,15.502607716747065,CAÑA_SOCA,HIGH,Cosecha + recuperación 0.59 — caña soca creciendo,0.6563621249783599,0.2283504857013508,0.8420200840456545,0.6136695983443037,0.819593814950743,1,11.0,0.5896755349815699,2,9,14,False,0.22458205453375624,0.2622086020957482,0.826369225405449,0,3,0.8120401810640033,0.8297221546778237
P6,12.058615721063159,CAÑA_SOCA,HIGH,Cosecha + recuperación 0.60 — caña soca creciendo,0.6651615496376575,0.23060839827886034,0.8523126228570816,0.6217042245782213,0.8138776886848164,1,11.0,0.6007185465653845,2,9,14,False,0.2211646663999102,0.2834433648016571,0.8371341710713939,0,3,0.8046915741887944,0.8402357601649708
P7,11.717351361045672,CAÑA_SOCA,HIGH,Cosecha + recuperación 0.58 — caña soca creciendo,0.6660833170395024,0.22954905409953574,0.8428945258925084,0.6133454717929726,0.779909008402455,1,11.0,0.5812764724601163,2,9,14,False,0.20776930295979265,0.3196723134635635,0.8290511831322569,0,3,0.7800182674898645,0.8325400836843088
P8,11.445814416683591,CAÑA_SOCA,HIGH,Cosecha + recuperación 0.53 — caña soca creciendo,0.6282784162233918,0.2417839017542679,0.822263283884303,0.5804793821300351,0.7542178879449976,1,11.0,0.530911796951172,2,8,14,False,0.18489542581920204,0.3328776981826869,0.7983831005550625,0,4,0.742437382837581,0.7667626637183643
P9,11.08915094907798,CAÑA_SOCA,HIGH,Cosecha + recuperación 0.56 — caña soca creciendo,0.661745872460595,0.25559691228053333,0.8505531547706113,0.5949562424900781,0.8123006229762909,1,11.0,0.5567037106957575,1,9,14,False,0.1960769965079311,0.3425602412362913,0.8251272358880424,0,4,0.792434086273182,0.8022758718718079
UCG9610,27.844582373604737,CAÑA_SOCA,HIGH,Cosecha + recuperación 0.59 — caña soca creciendo,0.6016594538692879,0.19305781140356876,0.7858741686072498,0.5928163572036811,0.7858741686072498,1,10.0,0.5928163572036811,2,6,14,False,0.1919572480927683,0.31619988399359467,0.7820743913097618,0,6,0.7703937448051152,0.7728491355435962
meño,10.32457754100583,CAÑA_SOCA,HIGH,Cosecha + recuperación 0.54 — caña soca creciendo,0.6820998592570131,0.282520477373097,0.83123252954974,0.5487120521766431,0.8069370684758292,1,11.0,0.5389564334311772,2,9,14,False,0.1931278736034356,0.3366447106783593,0.8228878064835379,0,3,0.7856576747706688,0.819013060006736
4A2,11.166734454889408,CULTIVO_CORTO_SOYA,HIGH,"2 cosechas detectadas en 14m — rotación soya/maíz, no es caña",0.5905786635717496,0.2259989746499707,0.7408598655351484,0.5148608908851777,0.3349938242837842,2,1.0,0.0,1,5,14,False,0.1571331183310305,0.3545708294410246,0.7378321330916919,1,8,0.5401719652923173,0.7379429087649584
4A3,12.348333785658994,CULTIVO_CORTO_SOYA,HIGH,"2 cosechas detectadas en 14m — rotación soya/maíz, no es caña",0.531237143118057,0.16293348109789535,0.8391089880683409,0.6761755069704456,0.8249678191139076,2,11.0,0.660686247433979,3,5,13,False,0.2556973352192484,0.18849508009723348,0.8249657801889495,1,5,0.8155025681510463,0.544039767884235
4A5,14.788371023653198,CULTIVO_CORTO_SOYA,HIGH,"3 cosechas detectadas en 14m — rotación soya/maíz, no es caña",0.5031274079549538,0.13879982481628295,0.8325600177203943,0.6937601929041114,0.8069210331596963,3,5.0,0.4865162183791936,3,5,14,False,0.2474743083852332,0.18075728757234008,0.8042011404660396,2,6,0.7950033937795512,0.5186416407011954
5B,64.02893711998476,CULTIVO_CORTO_SOYA,HIGH,"2 cosechas detectadas en 14m — rotación soya/maíz, no es caña",0.5553717429366087,0.1924660495975315,0.7592009055353117,0.5667348559377803,0.6964126639740738,2,6.0,0.4366366813762807,1,3,14,False,0.1912865460950072,0.302730503414816,0.7528540383912576,1,10,0.7009210145644283,0.7340139274882054
8A10,3.35358155419292,CULTIVO_CORTO_SOYA,HIGH,"2 cosechas detectadas en 14m — rotación soya/maíz, no es caña",0.46431577967060905,0.17901311707515388,0.7739538674187134,0.5949407503435595,0.2722283624207695,2,2.0,0.0,5,3,14,False,0.21788671940845758,0.18847728183342166,0.7275267134923936,2,6,0.4469327509675596,0.6289522464462528
8a010,17.52740377726088,CULTIVO_CORTO_SOYA,HIGH,"2 cosechas detectadas en 14m — rotación soya/maíz, no es caña",0.4437765040013062,0.19084262687943154,0.7194956076209831,0.5286529807415515,0.3459197160410142,2,2.0,0.036766550097571515,4,1,14,False,0.1956526839541309,0.19671698360776183,0.690136359930171,1,9,0.4507702077883846,0.6095714470500601
A11,32.0094569686787,CULTIVO_CORTO_SOYA,HIGH,"3 cosechas detectadas en 14m — rotación soya/maíz, no es caña",0.5805363903440232,0.241135479872921,0.9289163102413516,0.6877808303684305,0.5241905493085552,3,2.0,0.2657724299370381,3,6,14,False,0.2428261126494275,0.266348387999367,0.8586352830225096,2,5,0.5489422150212838,0.5141187615554267
A12,30.90305306494141,CULTIVO_CORTO_SOYA,HIGH,"3 cosechas detectadas en 14m — rotación soya/maíz, no es caña",0.5980452937381197,0.25563973990356625,0.9303148614026658,0.6746751214990996,0.5725093538015225,3,2.0,0.3065256519095032,3,7,14,False,0.24516661508385948,0.27261830436955126,0.8629170022667897,3,4,0.560890164417698,0.5645788601793915
A14,32.38451187405921,CULTIVO_CORTO_SOYA,HIGH,"2 cosechas detectadas en 14m — rotación soya/maíz, no es caña",0.5350974574367889,0.24962301046065027,0.9247956560997395,0.6751726456390892,0.500202064044811,2,2.0,0.2462890376983315,4,6,14,False,0.24620288679395044,0.25786774825723685,0.823101937538269,2,4,0.5128838085778409,0.30614879100034803
C6,20.385918500069,CULTIVO_CORTO_SOYA,HIGH,"2 cosechas detectadas en 14m — rotación soya/maíz, no es caña",0.5505381954097095,0.16925589615505574,0.8869565485021527,0.7177006523470969,0.62503942226455,2,2.0,0.22134382207420972,4,7,14,False,0.26313510406196006,0.18495821386036,0.848820258512283,1,3,0.638563856985681,0.7428292914407869
C7,21.09591196070551,CULTIVO_CORTO_SOYA,HIGH,"2 cosechas detectadas en 14m — rotación soya/maíz, no es caña",0.5301120072556575,0.15906387024397153,0.8596313649059784,0.7005674946620069,0.600682066327379,2,2.0,0.2034353679734921,4,6,14,False,0.24991037659784848,0.18037137701680234,0.7911186942105207,1,4,0.6031620894253688,0.7215762448781211
C8,10.362624325619848,CULTIVO_CORTO_SOYA,HIGH,"2 cosechas detectadas en 14m — rotación soya/maíz, no es caña",0.5211142527376198,0.14659502829543017,0.8731739243035197,0.7265788960080896,0.46125431795824473,2,2.0,0.14389343244851438,4,7,14,False,0.26590426162912245,0.169466975721336,0.7866746710113536,1,3,0.49670430958144957,0.7734716190777967
C9,16.836473314983444,CULTIVO_CORTO_SOYA,HIGH,"2 cosechas detectadas en 14m — rotación soya/maíz, no es caña",0.5509940950347884,0.19949882366658464,0.8938492192233647,0.69435039555678,0.4843171163834369,2,2.0,0.08012151260906936,4,6,14,False,0.24936294290693586,0.21364460395284893,0.8120482166401995,1,4,0.5704746572091755,0.7761632161786913
D8,27.004555166898506,CULTIVO_CORTO_SOYA,HIGH,"2 cosechas detectadas en 14m — rotación soya/maíz, no es caña",0.45899478664110077,0.15430351832801315,0.779816414150445,0.6255128958224319,0.7538652934573252,2,11.0,0.5834584458925457,5,3,14,False,0.22087199332955398,0.17316635206219266,0.7494256405964991,0,6,0.7104144140961745,0.5710617692429435
E3,16.12533417132108,CULTIVO_CORTO_SOYA,HIGH,"3 cosechas detectadas en 14m — rotación soya/maíz, no es caña",0.5871792786985771,0.22494923872730868,0.8427878761747903,0.6178386374474817,0.5389565747709453,3,2.0,0.10128352350157288,3,7,14,False,0.22189323863146188,0.2581091021978959,0.8008716124486616,2,4,0.6064725007383693,0.774766714848986
F11,10.78356627656173,CULTIVO_CORTO_SOYA,HIGH,"3 cosechas detectadas en 14m — rotación soya/maíz, no es caña",0.5512668351545493,0.24455193734648525,0.8565121141541017,0.6119601768076164,0.5103971095484076,3,2.0,0.1036672808007178,3,6,14,False,0.22813043293538854,0.2565599787261369,0.8426608818937925,2,5,0.5909504637290866,0.6298192189803185
F2,18.81996711195194,CULTIVO_CORTO_SOYA,HIGH,"2 cosechas detectadas en 14m — rotación soya/maíz, no es caña",0.4056095603121333,0.129917678839472,0.7690069698143442,0.6390892909748722,0.730044696663857,2,3.0,0.3450420275533588,5,2,14,False,0.23926707893480273,0.13521742002778436,0.7187286116625645,1,7,0.5330616516135395,0.5714679474497854
F3B,14.631584528861195,CULTIVO_CORTO_SOYA,HIGH,"2 cosechas detectadas en 14m — rotación soya/maíz, no es caña",0.36963882448006247,0.11765221641558686,0.76395511368832,0.6463028972727332,0.7204224441167427,2,3.0,0.4267761179457922,8,2,14,False,0.236996114375448,0.12823336572494948,0.7051706330050987,0,4,0.5068417312670291,0.5433670677710108
F8,17.757799083178014,CULTIVO_CORTO_SOYA,HIGH,"3 cosechas detectadas en 14m — rotación soya/maíz, no es caña",0.5532967553345803,0.26106187254400376,0.8766225652350187,0.6155606926910149,0.5232754384691463,3,2.0,0.11035235404117233,3,5,14,False,0.22053745283071208,0.27538368725909435,0.840906346183781,2,6,0.6042736960440463,0.6029919691356681
M1,34.63286962404193,CULTIVO_CORTO_SOYA,HIGH,"4 cosechas detectadas en 14m — rotación soya/maíz, no es caña",0.5615327589794789,0.15262260096164587,0.9098759073842356,0.7572533064225897,0.19260345778643526,4,1.0,0.0,3,4,14,False,0.25431260571219544,0.19508344482348672,0.8896565683774259,2,7,0.5335319325305425,0.5541204139738066
M2,16.42654167065729,CULTIVO_CORTO_SOYA,HIGH,"4 cosechas detectadas en 14m — rotación soya/maíz, no es caña",0.576761912150616,0.17979105431438652,0.9146620427442373,0.7348709884298508,0.20298922986982565,4,1.0,0.0,3,4,14,False,0.24521345211132484,0.2102765148852964,0.8845741766018369,3,7,0.5544203537820974,0.6106110919352591
f13,18.222281521599555,CULTIVO_CORTO_SOYA,HIGH,"3 cosechas detectadas en 14m — rotación soya/maíz, no es caña",0.4982754102809683,0.20789216637909505,0.8062574788854988,0.5983653125064038,0.413961307919907,3,2.0,0.1007155987587115,4,5,14,False,0.24149057737752827,0.22317165314111323,0.7936507037832023,2,5,0.4972740878473941,0.5714732212359631
lotemilton,2.471825569671727,CULTIVO_CORTO_SOYA,HIGH,"2 cosechas detectadas en 14m — rotación soya/maíz, no es caña",0.5303900348022246,0.2335188694091323,0.8516952605600816,0.6181763911509492,0.40480799556845826,2,1.0,0.0,2,3,13,False,0.18847724262758994,0.30283174196398727,0.740915918212636,0,8,0.6159099539794398,0.5758547959646675
MONTE,245.2913260448386,MONTE_FOREST,HIGH,NDVI alto y constante todo el año — vegetación permanente,0.8461689108188281,0.7729850760923659,0.8937713967626241,0.12078632067025818,0.867551234962423,0,,0.0,0,14,14,False,0.03644373043628797,0.7950828605753413,0.8892097962884218,0,0,0.8746798907897494,0.8761684825803847
MONTE_C1,95.78992079804702,MONTE_FOREST,HIGH,NDVI alto y constante todo el año — vegetación permanente,0.816448978249811,0.7124226038933722,0.8879262596057449,0.1755036557123727,0.8570229566869743,0,,0.0,0,14,14,False,0.0536849655513172,0.7378402482639992,0.8765560881835339,0,0,0.8459402891492706,0.8651733230486593
MONTE_lote6,51.36096910369651,MONTE_FOREST,HIGH,NDVI alto y constante todo el año — vegetación permanente,0.8620251700992041,0.7700561723389293,0.9081917122239311,0.13813553988500182,0.895268038155992,0,,0.0,0,14,14,False,0.03984669916614443,0.8037226196761903,0.9019927506037035,0,0,0.8898502714910735,0.8882875349942472
monte4B1,3.0567836119989273,MONTE_FOREST,HIGH,NDVI alto y constante todo el año — vegetación permanente,0.8420940590579364,0.6949159418419719,0.9027833342625248,0.20786739242055285,0.8967529297175031,0,,0.0,0,12,13,False,0.057008593910651405,0.7920503759101585,0.8993158649044206,0,1,0.8743135189742585,0.8845859813113089
monte6e+6f,2.209739522126114,MONTE_FOREST,HIGH,NDVI alto y constante todo el año — vegetación permanente,0.783915583481947,0.6525386535118349,0.8978579719867463,0.2453193184749114,0.8550486497361621,0,,0.0,0,11,13,False,0.07662964953477339,0.6699555203469176,0.8683458491143587,0,2,0.8293440243022018,0.8418364705577502
montelote6,51.32037414781723,MONTE_FOREST,HIGH,NDVI alto y constante todo el año — vegetación permanente,0.8619422722416896,0.7700032450681775,0.9081254580203558,0.1381222129521783,0.8951914697796459,0,,0.0,0,14,14,False,0.03986342773315455,0.8035721086385155,0.9019327286444153,0,0,0.8897708513222078,0.8882001333992008
4C3,19.690937434805836,OTRO_REVISAR,LOW,"Patrón ambiguo: drops=0, min=0.15, max=0.80, range=0.65, last3=0.76",0.49418496639245474,0.1478942581754076,0.7968995232518431,0.6490052650764355,0.7906118272624979,0,,0.0,4,5,13,False,0.2432713791082145,0.19289624204247346,0.7828328563668737,0,4,0.7634509881845107,0.5300385827609753
4C4,14.3981485248469,OTRO_REVISAR,LOW,"Patrón ambiguo: drops=0, min=0.16, max=0.83, range=0.67, last3=0.76",0.48393781171252576,0.16338243232639402,0.8320443132031672,0.6686618808767731,0.7901022694420997,0,,0.0,4,4,13,False,0.23060571161214777,0.2109793475105556,0.7824387618311239,0,5,0.7572792170732731,0.4473397515373952
monte6d1,3.0245213473670565,OTRO_REVISAR,LOW,"Patrón ambiguo: drops=0, min=0.63, max=0.89, range=0.26, last3=0.86",0.7843566870474473,0.631951895890212,0.8931227441901368,0.2611708482999249,0.8695990202002207,0,,0.0,0,10,13,False,0.08300862799708028,0.6568261860538761,0.8690990752666676,0,3,0.860591411648408,0.838138994014991
monte6d2,1.5908795283343844,OTRO_REVISAR,LOW,"Patrón ambiguo: drops=0, min=0.64, max=0.88, range=0.24, last3=0.87",0.7901173857888056,0.6421075360418662,0.8777947942970628,0.23568725825519654,0.8646965423376494,0,,0.0,0,10,13,False,0.08007984992321535,0.6665326124522757,0.8724975919604717,0,3,0.8686879296738189,0.8466777922051381
J6,49.537106495459305,PASTO_O_COBERTURA,HIGH,NDVI 0.58–0.82 constante sin patrón de cosecha — no es caña,0.6629175562897871,0.5834369608473629,0.8169385540878332,0.23350159324047037,0.8169385540878332,0,,0.0,0,4,14,False,0.07562405457349043,0.5953646634857465,0.7855857479112619,0,10,0.7846290986056198,0.6072673925605617
LOTE MEÑO J,171.87052210757042,PASTO_O_COBERTURA,HIGH,NDVI 0.54–0.82 constante sin patrón de cosecha — no es caña,0.6634266752208394,0.5426313208581228,0.8236200524668404,0.2809887316087176,0.8236200524668404,0,,0.0,0,5,14,False,0.0855528102031024,0.5771801209270233,0.7930567358216501,0,9,0.7924733109937737,0.6112336271204392
PISTA,2.7712796001872686,PASTO_O_COBERTURA,HIGH,NDVI 0.50–0.79 constante sin patrón de cosecha — no es caña,0.6549770541702482,0.49571444925497055,0.7871404377837392,0.29142598852876866,0.6729553807432644,0,,0.0,0,5,14,False,0.08211992722501568,0.5218975458446292,0.7271496432979438,0,9,0.6888236220841422,0.703981583384694
E1,12.38826309557324,REFORMA_SIN_REPLANTAR,HIGH,Cosechado hace 10m — sin replantar caña,0.3652876185951769,0.15979161450833912,0.779799548024348,0.6200079335160089,0.4484115315235977,1,10.0,0.20667912965925914,9,3,14,False,0.2433775090252648,0.16524041052936486,0.7459013661849506,0,2,0.29846080297358746,0.7524530640357439
